Timestamp (YYYY-MM-DDThh:mm:ss),Event Type,Glucose Value (mg/dL)
2026-09-12T07:30:00,EGV,148
2026-09-12T07:35:00,EGV,149
2026-09-12T07:40:00,EGV,156
2026-09-12T07:45:00,EGV,148
2026-09-12T07:50:00,EGV,144
2026-09-12T07:55:00,EGV,149
2026-09-12T08:00:00,EGV,148
2026-09-12T08:05:00,EGV,145
2026-09-12T08:10:00,EGV,138
2026-09-12T08:15:00,EGV,139
2026-09-12T08:20:00,EGV,131
2026-09-12T08:25:00,EGV,133
2026-09-12T08:30:00,EGV,114
2026-09-12T08:35:00,EGV,101
2026-09-12T08:40:00,EGV,92
2026-09-12T08:45:00,EGV,75
2026-09-12T08:50:00,EGV,62
2026-09-12T08:55:00,EGV,69
2026-09-12T09:00:00,EGV,83
2026-09-12T09:05:00,EGV,108
2026-09-12T09:10:00,EGV,105
2026-09-12T09:15:00,EGV,110
2026-09-12T09:20:00,EGV,109
2026-09-12T09:25:00,EGV,115
2026-09-12T09:30:00,EGV,120
2026-09-12T09:35:00,EGV,122
2026-09-12T09:40:00,EGV,118
2026-09-12T09:45:00,EGV,117
